timestamp,absorbance_mean_all,absorbance_365nm,absorbance_450nm
2026-03-15 16:51:24+00:00,0.02511571768945865,0.451573406199254,-0.011338603037972973
2026-03-15 16:51:34+00:00,0.03463280442907447,0.4562629295367652,-0.0014088480563862126
2026-03-15 16:51:44+00:00,0.03481571799217402,0.4562629295367652,-0.0012102987341614593
2026-03-15 16:51:54+00:00,0.03481259367145365,0.4562629295367652,-0.0012136901270736605
2026-03-15 16:52:04+00:00,0.03504011074251742,0.4562629295367652,-0.0009667245139786601
2026-03-15 16:52:14+00:00,0.035059564822876615,0.4562629295367652,-0.0009456074660989364
2026-03-15 16:52:24+00:00,0.03471135675589085,0.4562629295367652,-0.0013235809445095413
2026-03-15 16:52:34+00:00,0.03514203337080664,0.4562629295367652,-0.0008560893679388061
2026-03-15 16:52:44+00:00,0.03457404567998942,0.4562629295367652,-0.0014726296022044441
2026-03-15 16:52:55+00:00,0.03443694440680328,0.4562629295367652,-0.0016214505228949539
2026-03-15 16:53:05+00:00,0.03483695735582444,0.4562629295367652,-0.0011872437939710418
2026-03-15 16:53:15+00:00,0.03414721193161867,0.4562629295367652,-0.0019359498175322567
2026-03-15 16:53:25+00:00,0.034159366490397025,0.4562629295367652,-0.0019227562666195275
2026-03-15 16:53:35+00:00,0.0345319070108838,0.4562629295367652,-0.0015183703556433767
2026-03-15 16:53:45+00:00,0.03406496650661969,0.4562629295367652,-0.0020252257198377934
2026-03-15 16:53:55+00:00,0.034569026864593434,0.4562629295367652,-0.0014780774343846163
2026-03-15 16:54:05+00:00,0.03377011675225203,0.4562629295367652,-0.0023452797272925196
2026-03-15 16:54:15+00:00,0.03431676831114971,0.4562629295367652,-0.0017518994734008763
2026-03-15 16:54:25+00:00,0.034122346350917813,0.4562629295367652,-0.001962940949907673
2026-03-15 16:54:35+00:00,0.03388595427769727,0.4562629295367652,-0.0022195402152759697
2026-03-15 16:54:45+00:00,0.034046256606619,0.4562629295367652,-0.002045534973569889
2026-03-15 16:54:55+00:00,0.03409179346312832,0.4562629295367652,-0.0019961055499505406
2026-03-15 16:55:05+00:00,0.03403153258803594,0.4562629295367652,-0.002061517626034537
2026-03-15 16:55:15+00:00,0.03353213854414769,0.4562629295367652,-0.002603600713023144
2026-03-15 16:55:25+00:00,0.03343499269177171,0.4562629295367652,-0.002709050756307788
2026-03-15 16:55:35+00:00,0.03319066737843957,0.4562629295367652,-0.002974261408500066
2026-03-15 16:55:45+00:00,0.033537615358900756,0.4562629295367652,-0.002597655730930265
2026-03-15 16:55:55+00:00,0.033680925312880375,0.4562629295367652,-0.0024420954009659545
2026-03-15 16:56:05+00:00,0.03327480170177822,0.4562629295367652,-0.0028829351416467253
2026-03-15 16:56:15+00:00,0.03343958690173197,0.4562629295367652,-0.002704063825550389
2026-03-15 16:56:25+00:00,0.03294461065901002,0.4562629295367652,-0.003241351470296056
2026-03-15 16:56:35+00:00,0.033041252358714905,0.4562629295367652,-0.0031364486755010696
2026-03-15 16:56:45+00:00,0.032961490689126224,0.4562629295367652,-0.0032230285068049237
2026-03-15 16:56:55+00:00,0.033133804690750904,0.4562629295367652,-0.0030359848144036463
2026-03-15 16:57:05+00:00,0.032824806858319115,0.4562629295367652,-0.0033713963014395075
2026-03-15 16:57:15+00:00,0.03281939567425485,0.4562629295367652,-0.003377270042621885
2026-03-15 16:57:25+00:00,0.031339257042217995,0.4562629295367652,-0.004983933415253476
2026-03-15 16:57:35+00:00,0.031441656586416,0.4562629295367652,-0.0048727805857305476
2026-03-15 16:57:45+00:00,0.03159280301223809,0.4562629295367652,-0.0047087139091258326
2026-03-15 16:57:55+00:00,0.032081380845156854,0.4562629295367652,-0.004178371621018626
2026-03-15 16:58:05+00:00,0.03221013143585237,0.4562629295367652,-0.004038615213208022
2026-03-15 16:58:15+00:00,0.03170997172243548,0.4562629295367652,-0.004581529420444802
2026-03-15 16:58:25+00:00,0.03512869176379489,0.4562629295367652,-0.0008705714379651211
2026-03-15 16:58:35+00:00,0.034969817921328666,0.4562629295367652,-0.0010430260837900587
2026-03-15 16:58:46+00:00,0.034213780476606954,0.4562629295367652,-0.0018636908813170177
2026-03-15 16:58:56+00:00,0.03453544933480627,0.4562629295367652,-0.0015145252279120652
2026-03-15 16:59:06+00:00,0.03447737887106606,0.4562629295367652,-0.0015775596525961476
2026-03-15 16:59:16+00:00,0.03416826153075166,0.4562629295367652,-0.0019131008632494943
2026-03-15 16:59:26+00:00,0.03393963414152576,0.4562629295367652,-0.002161271706371241
2026-03-15 16:59:36+00:00,0.03532412818652801,0.4562629295367652,-0.0006584287809956592
2026-03-15 16:59:46+00:00,0.03569621686481675,0.4562629295367652,-0.00025453333644886246
2026-03-15 16:59:56+00:00,0.03717449933685487,0.4562629295367652,0.0013501152085043217
2026-03-15 17:00:06+00:00,0.03797377486115567,0.4562629295367652,0.002217714149400714
2026-03-15 17:00:16+00:00,0.0377198904626016,0.4562629295367652,0.0019421272852986073
2026-03-15 17:00:26+00:00,0.03741873961763706,0.4562629295367652,0.0016152335594212136
2026-03-15 17:00:36+00:00,0.037723064458236095,0.4562629295367652,0.001945572599420174
2026-03-15 17:00:46+00:00,0.038125822884064874,0.4562629295367652,0.002382759493128479
2026-03-15 17:00:56+00:00,0.037975970348255575,0.4562629295367652,0.002220097310431817
2026-03-15 17:01:06+00:00,0.03804878648878102,0.4562629295367652,0.0022991378971622903
2026-03-15 17:01:16+00:00,0.03754697948893559,0.4562629295367652,0.001754435590681492
2026-03-15 17:01:26+00:00,0.037535322543535206,0.4562629295367652,0.0017417821899755176
2026-03-15 17:01:36+00:00,0.03795150434444439,0.4562629295367652,0.002193539911450884
2026-03-15 17:01:46+00:00,0.037823028701843515,0.4562629295367652,0.0020540819547606604
2026-03-15 17:01:56+00:00,0.03781761981928496,0.4562629295367652,0.0020482107118205734
2026-03-15 17:02:06+00:00,0.03771488637405078,0.4562629295367652,0.0019366954388390942
2026-03-15 17:02:16+00:00,0.03765715440178504,0.4562629295367652,0.0018740284404502342
2026-03-15 17:02:26+00:00,0.037244276682958224,0.4562629295367652,0.0014258572395527446
2026-03-15 17:02:36+00:00,0.03710785379040974,0.4562629295367652,0.0012777726886181594
2026-03-15 17:02:46+00:00,0.037577190809546905,0.4562629295367652,0.0017872294258091143
2026-03-15 17:02:56+00:00,0.037565548190259944,0.4562629295367652,0.0017745915758368353
2026-03-15 17:03:06+00:00,0.037199498079311055,0.4562629295367652,0.0013772508855259644
2026-03-15 17:03:16+00:00,0.036982664048124496,0.4562629295367652,0.0011418815165310538
2026-03-15 17:03:26+00:00,0.037081569046445474,0.4562629295367652,0.0012492410805158374
2026-03-15 17:03:36+00:00,0.03734315008577829,0.4562629295367652,0.001533182507200037
2026-03-15 17:03:46+00:00,0.03749325689987478,0.4562629295367652,0.0016961207043196978
2026-03-15 17:03:56+00:00,0.03694324835181799,0.4562629295367652,0.001099096500187497
2026-03-15 17:04:06+00:00,0.030736112144633013,0.4562629295367652,-0.005638636153473265
2026-03-15 17:04:16+00:00,0.023198234347955378,0.4562629295367652,-0.01382086442666473
2026-03-15 17:04:26+00:00,0.02290763484453473,0.4562629295367652,-0.014136304864570454
2026-03-15 17:04:36+00:00,0.022774285137163282,0.4562629295367652,-0.014281053529288443
2026-03-15 17:04:46+00:00,0.022983834677318415,0.4562629295367652,-0.01405359134187446
2026-03-15 17:04:57+00:00,0.022983834677318415,0.4562629295367652,-0.01405359134187446
2026-03-15 17:05:07+00:00,0.022926684802730652,0.4562629295367652,-0.014115626483896455
2026-03-15 17:05:17+00:00,0.02290763484453473,0.4562629295367652,-0.014136304864570454
2026-03-15 17:05:27+00:00,0.02286953492814289,0.4562629295367652,-0.01417766162591845
2026-03-15 17:05:37+00:00,0.023002884635514333,0.4562629295367652,-0.014032912961200463
2026-03-15 17:05:47+00:00,0.023081163095647374,0.4562629295367652,-0.013947943126592007
2026-03-15 17:05:57+00:00,0.02313623434288578,0.4562629295367652,-0.013888164296482474
2026-03-15 17:06:07+00:00,0.023100213053843296,0.4562629295367652,-0.013927264745918006
2026-03-15 17:06:17+00:00,0.02325261271941067,0.4562629295367652,-0.013761837700526018
2026-03-15 17:06:27+00:00,0.023061420261668335,0.4562629295367652,-0.013969373611236825
2026-03-15 17:06:37+00:00,0.023176412886626984,0.4562629295367652,-0.013844551223222014
2026-03-15 17:06:47+00:00,0.023117184384689862,0.4562629295367652,-0.013908842677156471
2026-03-15 17:06:57+00:00,0.023368298220152434,0.4562629295367652,-0.013636263208540386
2026-03-15 17:07:07+00:00,0.02309813442649394,0.4562629295367652,-0.01392952105783047
2026-03-15 17:07:17+00:00,0.023119263012039218,0.4562629295367652,-0.013906586365244009
2026-03-15 17:07:27+00:00,0.02313623434288578,0.4562629295367652,-0.013888164296482474
2026-03-15 17:07:37+00:00,0.023002884635514333,0.4562629295367652,-0.014032912961200463
2026-03-15 17:07:47+00:00,0.023079084468298018,0.4562629295367652,-0.013950199438504469
2026-03-15 17:07:57+00:00,0.023004270387080573,0.4562629295367652,-0.01403140875325882
2026-03-15 17:08:07+00:00,0.023004916274250612,0.4562629295367652,-0.014030707654566784
2026-03-15 17:08:17+00:00,0.022888584886338808,0.4562629295367652,-0.014156983245244453
2026-03-15 17:08:27+00:00,0.023176412886626984,0.4562629295367652,-0.013844551223222014
2026-03-15 17:08:37+00:00,0.022888584886338808,0.4562629295367652,-0.014156983245244453
2026-03-15 17:08:47+00:00,0.02286953492814289,0.4562629295367652,-0.01417766162591845
2026-03-15 17:08:57+00:00,0.023021934593710255,0.4562629295367652,-0.014012234580526464
2026-03-15 17:09:07+00:00,0.02290763484453473,0.4562629295367652,-0.014136304864570454
2026-03-15 17:09:17+00:00,0.02294573476092657,0.4562629295367652,-0.014094948103222458
2026-03-15 17:09:27+00:00,0.02290763484453473,0.4562629295367652,-0.014136304864570454
2026-03-15 17:09:37+00:00,0.02294573476092657,0.4562629295367652,-0.014094948103222458
2026-03-15 17:09:47+00:00,0.022831435011751045,0.4562629295367652,-0.014219018387266448
2026-03-15 17:09:57+00:00,0.022888584886338808,0.4562629295367652,-0.014156983245244453
2026-03-15 17:10:07+00:00,0.022850484969946967,0.4562629295367652,-0.01419834000659245
2026-03-15 17:10:17+00:00,0.022774285137163282,0.4562629295367652,-0.014281053529288443
2026-03-15 17:10:27+00:00,0.022889230773508847,0.4562629295367652,-0.014156282146552417
2026-03-15 17:10:37+00:00,0.02271778114974556,0.4562629295367652,-0.014342387572618402
2026-03-15 17:10:48+00:00,0.022774285137163282,0.4562629295367652,-0.014281053529288443
2026-03-15 17:10:58+00:00,0.022888584886338808,0.4562629295367652,-0.014156983245244453
2026-03-15 17:11:08+00:00,0.0226980853043796,0.4562629295367652,-0.014363767051984437
2026-03-15 17:11:18+00:00,0.02267903534618368,0.4562629295367652,-0.014384445432658436
2026-03-15 17:11:28+00:00,0.022698731191549637,0.4562629295367652,-0.014363065953292403
2026-03-15 17:11:38+00:00,0.022736185220771442,0.4562629295367652,-0.014322410290636441
2026-03-15 17:11:48+00:00,0.022774285137163282,0.4562629295367652,-0.014281053529288443
2026-03-15 17:11:58+00:00,0.022659985387987757,0.4562629295367652,-0.014405123813332433
2026-03-15 17:12:08+00:00,0.022659985387987757,0.4562629295367652,-0.014405123813332433
2026-03-15 17:12:18+00:00,0.022736185220771442,0.4562629295367652,-0.014322410290636441
2026-03-15 17:12:28+00:00,0.02264093542979183,0.4562629295367652,-0.014425802194006434
2026-03-15 17:12:38+00:00,0.02258378555520407,0.4562629295367652,-0.014487837336028429
2026-03-15 17:12:48+00:00,0.022545685638812228,0.4562629295367652,-0.014529194097376423
2026-03-15 17:12:58+00:00,0.022736185220771442,0.4562629295367652,-0.014322410290636441
2026-03-15 17:13:08+00:00,0.022450435847832625,0.4562629295367652,-0.014632586000746416
2026-03-15 17:13:18+00:00,0.022736185220771442,0.4562629295367652,-0.014322410290636441
2026-03-15 17:13:28+00:00,0.022450435847832625,0.4562629295367652,-0.014632586000746416
2026-03-15 17:13:38+00:00,0.022507585722420387,0.4562629295367652,-0.014570550858724421
2026-03-15 17:13:48+00:00,0.022317086140461177,0.4562629295367652,-0.014777334665464407
2026-03-15 17:13:58+00:00,0.02267903534618368,0.4562629295367652,-0.014384445432658436
2026-03-15 17:14:08+00:00,0.022488535764224465,0.4562629295367652,-0.014591229239398418
2026-03-15 17:14:18+00:00,0.02267903534618368,0.4562629295367652,-0.014384445432658436
2026-03-15 17:14:28+00:00,0.02222183634948157,0.4562629295367652,-0.014880726568834397
2026-03-15 17:14:38+00:00,0.022317086140461177,0.4562629295367652,-0.014777334665464407
2026-03-15 17:14:48+00:00,0.021936086976542753,0.4562629295367652,-0.015190902278944375
2026-03-15 17:14:58+00:00,0.021936086976542753,0.4562629295367652,-0.015190902278944375
2026-03-15 17:15:08+00:00,0.022069436683914204,0.4562629295367652,-0.015046153614226385
2026-03-15 17:15:18+00:00,0.022031336767522364,0.4562629295367652,-0.015087510375574383
2026-03-15 17:15:28+00:00,0.021917682905516874,0.4562629295367652,-0.015210879560926337
2026-03-15 17:15:38+00:00,0.0219741868929346,0.4562629295367652,-0.015149545517596378
2026-03-15 17:15:48+00:00,0.021936086976542753,0.4562629295367652,-0.015190902278944375
2026-03-15 17:15:58+00:00,0.021936086976542753,0.4562629295367652,-0.015190902278944375
2026-03-15 17:16:08+00:00,0.021936086976542753,0.4562629295367652,-0.015190902278944375
2026-03-15 17:16:18+00:00,0.021936086976542753,0.4562629295367652,-0.015190902278944375
2026-03-15 17:16:29+00:00,0.021993236851130516,0.4562629295367652,-0.01512886713692238
2026-03-15 17:16:39+00:00,0.021936086976542753,0.4562629295367652,-0.015190902278944375
2026-03-15 17:16:49+00:00,0.021936732863712796,0.4562629295367652,-0.015190201180252338
2026-03-15 17:16:59+00:00,0.021936086976542753,0.4562629295367652,-0.015190902278944375
2026-03-15 17:17:09+00:00,0.021917682905516874,0.4562629295367652,-0.015210879560926337
2026-03-15 17:17:19+00:00,0.021936086976542753,0.4562629295367652,-0.015190902278944375
2026-03-15 17:17:29+00:00,0.021936086976542753,0.4562629295367652,-0.015190902278944375
2026-03-15 17:17:39+00:00,0.021936086976542753,0.4562629295367652,-0.015190902278944375
2026-03-15 17:17:49+00:00,0.021936086976542753,0.4562629295367652,-0.015190902278944375
2026-03-15 17:17:59+00:00,0.021936086976542753,0.4562629295367652,-0.015190902278944375
2026-03-15 17:18:09+00:00,0.021936086976542753,0.4562629295367652,-0.015190902278944375
2026-03-15 17:18:19+00:00,0.021936086976542753,0.4562629295367652,-0.015190902278944375
2026-03-15 17:18:29+00:00,0.021936086976542753,0.4562629295367652,-0.015190902278944375
2026-03-15 17:18:39+00:00,0.021936086976542753,0.4562629295367652,-0.015190902278944375
2026-03-15 17:18:49+00:00,0.021936086976542753,0.4562629295367652,-0.015190902278944375
2026-03-15 17:18:59+00:00,0.021936086976542753,0.4562629295367652,-0.015190902278944375
2026-03-15 17:19:09+00:00,0.021936086976542753,0.4562629295367652,-0.015190902278944375
2026-03-15 17:19:19+00:00,0.021936086976542753,0.4562629295367652,-0.015190902278944375
2026-03-15 17:19:29+00:00,0.021936086976542753,0.4562629295367652,-0.015190902278944375
2026-03-15 17:19:39+00:00,0.021936086976542753,0.4562629295367652,-0.015190902278944375
2026-03-15 17:19:49+00:00,0.021936086976542753,0.4562629295367652,-0.015190902278944375
2026-03-15 17:19:59+00:00,0.021936086976542753,0.4562629295367652,-0.015190902278944375
2026-03-15 17:20:09+00:00,0.021936086976542753,0.4562629295367652,-0.015190902278944375
2026-03-15 17:20:19+00:00,0.021936086976542753,0.4562629295367652,-0.015190902278944375
2026-03-15 17:20:29+00:00,0.021936086976542753,0.4562629295367652,-0.015190902278944375
2026-03-15 17:20:39+00:00,0.021936086976542753,0.4562629295367652,-0.015190902278944375
2026-03-15 17:20:49+00:00,0.021936086976542753,0.4562629295367652,-0.015190902278944375
2026-03-15 17:20:59+00:00,0.021936086976542753,0.4562629295367652,-0.015190902278944375
2026-03-15 17:21:09+00:00,0.021936086976542753,0.4562629295367652,-0.015190902278944375
2026-03-15 17:21:19+00:00,0.021936086976542753,0.4562629295367652,-0.015190902278944375
2026-03-15 17:21:29+00:00,0.021936086976542753,0.4562629295367652,-0.015190902278944375
2026-03-15 17:21:39+00:00,0.021936086976542753,0.4562629295367652,-0.015190902278944375
2026-03-15 17:21:49+00:00,0.021936086976542753,0.4562629295367652,-0.015190902278944375
2026-03-15 17:21:59+00:00,0.021936086976542753,0.4562629295367652,-0.015190902278944375
2026-03-15 17:22:09+00:00,0.021936086976542753,0.4562629295367652,-0.015190902278944375
2026-03-15 17:22:19+00:00,0.021936086976542753,0.4562629295367652,-0.015190902278944375
2026-03-15 17:22:30+00:00,0.021936086976542753,0.4562629295367652,-0.015190902278944375
2026-03-15 17:22:40+00:00,0.021936086976542753,0.4562629295367652,-0.015190902278944375
2026-03-15 17:22:50+00:00,0.021936086976542753,0.4562629295367652,-0.015190902278944375
2026-03-15 17:23:00+00:00,0.021936086976542753,0.4562629295367652,-0.015190902278944375
2026-03-15 17:23:10+00:00,0.021936086976542753,0.4562629295367652,-0.015190902278944375
2026-03-15 17:23:20+00:00,0.021936086976542753,0.4562629295367652,-0.015190902278944375
2026-03-15 17:23:30+00:00,0.021936086976542753,0.4562629295367652,-0.015190902278944375
2026-03-15 17:23:40+00:00,0.021936086976542753,0.4562629295367652,-0.015190902278944375
2026-03-15 17:23:50+00:00,0.021936086976542753,0.4562629295367652,-0.015190902278944375
2026-03-15 17:24:00+00:00,0.021936086976542753,0.4562629295367652,-0.015190902278944375
2026-03-15 17:24:10+00:00,0.021936086976542753,0.4562629295367652,-0.015190902278944375
2026-03-15 17:24:20+00:00,0.021936086976542753,0.4562629295367652,-0.015190902278944375
2026-03-15 17:24:30+00:00,0.09661617518702931,0.4562629295367652,0.06587296552076967
2026-03-15 17:24:40+00:00,0.05865844936243932,0.4562629295367652,0.02467054942894878
2026-03-15 17:24:50+00:00,0.062134011822364554,0.4562629295367652,0.028443208815570463
2026-03-15 17:25:00+00:00,0.06359269596331428,0.4562629295367652,0.03002658373111969
2026-03-15 17:25:10+00:00,0.06504877568206517,0.4562629295367652,0.0316071315940786
2026-03-15 17:25:20+00:00,0.06613254429558213,0.4562629295367652,0.03278354257211599
2026-03-15 17:25:30+00:00,0.06675049008891874,0.4562629295367652,0.03345431141155873
2026-03-15 17:25:40+00:00,0.06672639439319471,0.4562629295367652,0.03342815597522328
2026-03-15 17:25:50+00:00,0.0686890544590522,0.4562629295367652,0.03555858752567917
2026-03-15 17:26:00+00:00,0.06824828652593648,0.4562629295367652,0.035080142008050166
2026-03-15 17:26:10+00:00,0.0687110798553736,0.4562629295367652,0.035582495689935795
2026-03-15 17:26:20+00:00,0.07060918637954205,0.4562629295367652,0.03764285555334793
2026-03-15 17:26:30+00:00,0.07056528825548027,0.4562629295367652,0.037595204943782906
2026-03-15 17:26:40+00:00,0.0701261023867551,0.4562629295367652,0.03711847672807037
2026-03-15 17:26:50+00:00,0.07246577433511915,0.4562629295367652,0.039658147771070705
2026-03-15 17:27:00+00:00,0.07217726000967345,0.4562629295367652,0.039344970755661526
2026-03-15 17:27:10+00:00,0.07279148385786514,0.4562629295367652,0.040011699491826196
2026-03-15 17:27:20+00:00,0.07397271349760454,0.4562629295367652,0.04129390262858538
2026-03-15 17:27:30+00:00,0.07255637491041042,0.4562629295367652,0.03975649303597303
2026-03-15 17:27:40+00:00,0.07300808480541882,0.4562629295367652,0.040246815852807115
2026-03-15 17:27:50+00:00,0.07434308542578483,0.4562629295367652,0.04169593457233604
2026-03-15 17:28:00+00:00,0.07372689099582026,0.4562629295367652,0.041027066805753055
2026-03-15 17:28:10+00:00,0.0737089579617615,0.4562629295367652,0.04100760082577068
2026-03-15 17:28:21+00:00,0.07389180588012408,0.4562629295367652,0.04120607889183589
2026-03-15 17:28:31+00:00,0.07433649538006887,0.4562629295367652,0.041688781198424535
2026-03-15 17:28:41+00:00,0.07449721459543293,0.4562629295367652,0.041863238962727464
2026-03-15 17:28:51+00:00,0.07496127438635995,0.4562629295367652,0.04236696736536194
2026-03-15 17:29:01+00:00,0.07561625589513855,0.4562629295367652,0.043077937795515116
2026-03-15 17:29:11+00:00,0.07603064534732992,0.4562629295367652,0.04352774995528865
2026-03-15 17:29:21+00:00,0.07647284905099826,0.4562629295367652,0.04400775397555278
2026-03-15 17:29:31+00:00,0.07636512278302646,0.4562629295367652,0.043890819084945666
2026-03-15 17:29:41+00:00,0.07586455981640541,0.4562629295367652,0.04334746715374237
2026-03-15 17:29:51+00:00,0.07664839151837531,0.4562629295367652,0.04419830210839083
2026-03-15 17:30:01+00:00,0.07708211772902995,0.4562629295367652,0.044669103965275105
2026-03-15 17:30:11+00:00,0.07704143530448253,0.4562629295367652,0.04462494393862933
2026-03-15 17:30:21+00:00,0.07590857033721807,0.4562629295367652,0.04339523976792163
2026-03-15 17:30:31+00:00,0.0759869041443918,0.4562629295367652,0.04348026968072895
2026-03-15 17:30:41+00:00,0.07706576892174738,0.4562629295367652,0.04465135763443921
2026-03-15 17:30:51+00:00,0.07768232079265429,0.4562629295367652,0.04532061339661767
2026-03-15 17:31:01+00:00,0.07692941891646284,0.4562629295367652,0.04450335220129452
2026-03-15 17:31:11+00:00,0.07581013452112523,0.4562629295367652,0.04328838949265126
2026-03-15 17:31:21+00:00,0.07641194377413868,0.4562629295367652,0.04394164241315432
2026-03-15 17:31:31+00:00,0.0774082067927341,0.4562629295367652,0.045023067670788425
2026-03-15 17:31:41+00:00,0.07673322993255834,0.4562629295367652,0.04429039265295857
2026-03-15 17:31:51+00:00,0.07664921987114995,0.4562629295367652,0.044199201270154344
2026-03-15 17:32:01+00:00,0.07799677623716748,0.4562629295367652,0.04566194902159807
2026-03-15 17:32:11+00:00,0.07695591975751469,0.4562629295367652,0.04453211837882704
2026-03-15 17:32:21+00:00,0.07640199261526613,0.4562629295367652,0.04393084061247855
2026-03-15 17:32:31+00:00,0.07675742147732571,0.4562629295367652,0.04431665213167485
2026-03-15 17:32:41+00:00,0.07746570684230317,0.4562629295367652,0.0450854829213383
2026-03-15 17:32:51+00:00,0.07680521938520345,0.4562629295367652,0.04436853588513779
2026-03-15 17:33:01+00:00,0.07853120462062002,0.4562629295367652,0.04624206124244208
2026-03-15 17:33:11+00:00,0.07768505327349855,0.4562629295367652,0.04532357945452188
2026-03-15 17:33:21+00:00,0.07728492323005166,0.4562629295367652,0.04488924562174373
2026-03-15 17:33:31+00:00,0.07847752791300837,0.4562629295367652,0.046183796159552905
2026-03-15 17:33:41+00:00,0.07795324083963273,0.4562629295367652,0.04561469214503389
2026-03-15 17:33:51+00:00,0.07867697229388425,0.4562629295367652,0.04640028938167055
2026-03-15 17:34:02+00:00,0.07812955843785,0.4562629295367652,0.04580608166820052
2026-03-15 17:34:12+00:00,0.07804694501536841,0.4562629295367652,0.045716406311368404
2026-03-15 17:34:22+00:00,0.07824270881762041,0.4562629295367652,0.04592890433280884
2026-03-15 17:34:32+00:00,0.07825210133614674,0.4562629295367652,0.04593909973962169
2026-03-15 17:34:42+00:00,0.07844928576814761,0.4562629295367652,0.046153139828632124
2026-03-15 17:34:52+00:00,0.07827274753428787,0.4562629295367652,0.04596151080951707
2026-03-15 17:35:02+00:00,0.07749723115668221,0.4562629295367652,0.045119701987150006
2026-03-15 17:35:12+00:00,0.07768497041294425,0.4562629295367652,0.04532348951090799
2026-03-15 17:35:22+00:00,0.07825429503187385,0.4562629295367652,0.04594148095615044
2026-03-15 17:35:32+00:00,0.07775748303065572,0.4562629295367652,0.045402200629183674
2026-03-15 17:35:42+00:00,0.07811783806178439,0.4562629295367652,0.045793359414669346
2026-03-15 17:35:52+00:00,0.07892264289624153,0.4562629295367652,0.04666696032045727
2026-03-15 17:36:02+00:00,0.07924789894051645,0.4562629295367652,0.047020019798639
2026-03-15 17:36:12+00:00,0.07926383116525956,0.4562629295367652,0.047037313936759084
2026-03-15 17:36:22+00:00,0.07918748993935068,0.4562629295367652,0.046954446934415646
2026-03-15 17:36:32+00:00,0.07897817747077414,0.4562629295367652,0.04672724208385767
2026-03-15 17:36:42+00:00,0.07860065350070448,0.4562629295367652,0.04631744672964366
2026-03-15 17:36:52+00:00,0.07855813456354249,0.4562629295367652,0.04627129320219509
2026-03-15 17:37:02+00:00,0.07867648499489341,0.4562629295367652,0.04639976042754208
2026-03-15 17:37:12+00:00,0.07882727590701928,0.4562629295367652,0.04656344120054168
2026-03-15 17:37:22+00:00,0.07885897016755779,0.4562629295367652,0.0465978447397965
2026-03-15 17:37:32+00:00,0.07867543337069735,0.4562629295367652,0.0463986189087404
2026-03-15 17:37:42+00:00,0.0793117946250076,0.4562629295367652,0.04708937739374475
2026-03-15 17:37:52+00:00,0.07957703952865673,0.4562629295367652,0.04737729587803144
2026-03-15 17:38:02+00:00,0.07951115802858894,0.4562629295367652,0.04730578271649246
2026-03-15 17:38:12+00:00,0.07942557770829274,0.4562629295367652,0.047212886846428735
2026-03-15 17:38:22+00:00,0.0789698415286863,0.4562629295367652,0.046718193571414976
2026-03-15 17:38:32+00:00,0.07978153365367376,0.4562629295367652,0.04759927050491561
2026-03-15 17:38:42+00:00,0.07950324548079853,0.4562629295367652,0.04729719379080409
2026-03-15 17:38:52+00:00,0.0793154204395326,0.4562629295367652,0.047093313148995765
2026-03-15 17:39:02+00:00,0.07952829771544445,0.4562629295367652,0.04732438753261784
2026-03-15 17:39:12+00:00,0.07952516407273878,0.4562629295367652,0.04732098602086136
2026-03-15 17:39:22+00:00,0.07924903993078472,0.4562629295367652,0.04702125832267511
2026-03-15 17:39:32+00:00,0.07896281011312956,0.4562629295367652,0.0467105610986261
2026-03-15 17:39:42+00:00,0.07876689754804657,0.4562629295367652,0.04649790159785759
2026-03-15 17:39:52+00:00,0.07899973596469363,0.4562629295367652,0.04675064343410949
2026-03-15 17:40:03+00:00,0.07876461383435113,0.4562629295367652,0.04649542266847312
2026-03-15 17:40:13+00:00,0.0796348680159593,0.4562629295367652,0.04744006764172487
2026-03-15 17:40:23+00:00,0.07928837504116383,0.4562629295367652,0.04706395586447063
2026-03-15 17:40:33+00:00,0.07999300018454265,0.4562629295367652,0.04782881355063489
2026-03-15 17:40:43+00:00,0.08008309248083949,0.4562629295367652,0.04792660708799916
2026-03-15 17:40:53+00:00,0.08053552809355756,0.4562629295367652,0.04841771765811376
2026-03-15 17:41:03+00:00,0.08073542089255278,0.4562629295367652,0.04863469762988605
2026-03-15 17:41:13+00:00,0.0800362307475574,0.4562629295367652,0.04787573953491142
2026-03-15 17:41:23+00:00,0.079576545401792,0.4562629295367652,0.04737675951237096
2026-03-15 17:41:33+00:00,0.08026028140590247,0.4562629295367652,0.048118942420496295
2026-03-15 17:41:43+00:00,0.08050413070101371,0.4562629295367652,0.04838363636362925
2026-03-15 17:41:53+00:00,0.08038065085782155,0.4562629295367652,0.04824960125568659
2026-03-15 17:42:03+00:00,0.08011729413924845,0.4562629295367652,0.0479637323617131
2026-03-15 17:42:13+00:00,0.0795393367852369,0.4562629295367652,0.04733637024066936
2026-03-15 17:42:23+00:00,0.08000465607824161,0.4562629295367652,0.047841465809738234
2026-03-15 17:42:33+00:00,0.079620048418362,0.4562629295367652,0.04742398123999104
2026-03-15 17:42:43+00:00,0.07976883793573443,0.4562629295367652,0.0475854895356463
2026-03-15 17:42:53+00:00,0.08012374328017613,0.4562629295367652,0.047970732786057915
2026-03-15 17:43:03+00:00,0.07970338613862965,0.4562629295367652,0.047514442808802605
2026-03-15 17:43:13+00:00,0.07997556693955664,0.4562629295367652,0.0478098900825361
2026-03-15 17:43:23+00:00,0.08008990582627534,0.4562629295367652,0.04793400284966631
2026-03-15 17:43:33+00:00,0.07975417367524348,0.4562629295367652,0.04756957174949604
2026-03-15 17:43:43+00:00,0.08086347148789119,0.4562629295367652,0.048773694205558674
2026-03-15 17:43:53+00:00,0.08006994937832483,0.4562629295367652,0.04791234049096831
2026-03-15 17:44:03+00:00,0.08044192444701913,0.4562629295367652,0.04831611261438141
2026-03-15 17:44:13+00:00,0.0797233509601474,0.4562629295367652,0.04753611425685443
2026-03-15 17:44:23+00:00,0.08079306151503358,0.4562629295367652,0.04869726546975665
2026-03-15 17:44:33+00:00,0.0796164665104014,0.4562629295367652,0.04742009314451141
2026-03-15 17:44:43+00:00,0.08052978344371546,0.4562629295367652,0.0484114819459378
2026-03-15 17:44:53+00:00,0.07946683576032956,0.4562629295367652,0.0472576717061702
2026-03-15 17:45:03+00:00,0.08044031638489527,0.4562629295367652,0.04831436709240163
2026-03-15 17:45:13+00:00,0.07971477003889314,0.4562629295367652,0.04752679982401399
2026-03-15 17:45:23+00:00,0.08014491976703855,0.4562629295367652,0.04799371947464673
2026-03-15 17:45:33+00:00,0.08057906901819292,0.4562629295367652,0.048464980534244397
2026-03-15 17:45:43+00:00,0.07999128128396654,0.4562629295367652,0.047826947715545486
2026-03-15 17:45:53+00:00,0.08085156489622745,0.4562629295367652,0.04876076981840673
2026-03-15 17:46:04+00:00,0.08002093005416101,0.4562629295367652,0.047859130912500145
2026-03-15 17:46:14+00:00,0.08056031634899673,0.4562629295367652,0.04844462485533404
2026-03-15 17:46:24+00:00,0.08069158459097954,0.4562629295367652,0.04858711412749991
2026-03-15 17:46:34+00:00,0.0808450994951275,0.4562629295367652,0.04875375174394273
2026-03-15 17:46:44+00:00,0.07995860774791828,0.4562629295367652,0.04779148119066271
2026-03-15 17:46:54+00:00,0.08054989912345713,0.4562629295367652,0.048433317147828336
2026-03-15 17:47:04+00:00,0.08129695092872144,0.4562629295367652,0.04924422819831878
2026-03-15 17:47:14+00:00,0.08081801077844758,0.4562629295367652,0.048724347438184344
2026-03-15 17:47:24+00:00,0.0807540978194322,0.4562629295367652,0.04865497109189897
2026-03-15 17:47:34+00:00,0.0797762704924029,0.4562629295367652,0.04759355743976407
2026-03-15 17:47:44+00:00,0.07998579500979906,0.4562629295367652,0.04782099246543153
2026-03-15 17:47:54+00:00,0.08038104363232902,0.4562629295367652,0.04825002760521982
2026-03-15 17:48:04+00:00,0.081285677870159,0.4562629295367652,0.04923199149974354
2026-03-15 17:48:14+00:00,0.07999888740038544,0.4562629295367652,0.04783520401559312
2026-03-15 17:48:24+00:00,0.08027748960914942,0.4562629295367652,0.04813762160990954
2026-03-15 17:48:34+00:00,0.08109692556870822,0.4562629295367652,0.04902710433398965
2026-03-15 17:48:44+00:00,0.08088720601279553,0.4562629295367652,0.04879945759758509
2026-03-15 17:48:54+00:00,0.08018675592536827,0.4562629295367652,0.04803913185817966
2026-03-15 17:49:04+00:00,0.07997921670495027,0.4562629295367652,0.047813851836016295
2026-03-15 17:49:14+00:00,0.08058833755165336,0.4562629295367652,0.04847504135753933
2026-03-15 17:49:24+00:00,0.08046771060424461,0.4562629295367652,0.04834410301571165
2026-03-15 17:49:34+00:00,0.08079236654179399,0.4562629295367652,0.04869651108903524
2026-03-15 17:49:44+00:00,0.08028338056179432,0.4562629295367652,0.048144016131098026
2026-03-15 17:49:54+00:00,0.08080296044792014,0.4562629295367652,0.04870801058008129
2026-03-15 17:50:04+00:00,0.0809316874677961,0.4562629295367652,0.048847741402198996
2026-03-15 17:50:14+00:00,0.08135642874351737,0.4562629295367652,0.049308790276794696
2026-03-15 17:50:24+00:00,0.08119104027488634,0.4562629295367652,0.04912926412359953
2026-03-15 17:50:34+00:00,0.08141367077021627,0.4562629295367652,0.04937092544824533
2026-03-15 17:50:44+00:00,0.08135652476179553,0.4562629295367652,0.04930889450287683
2026-03-15 17:50:54+00:00,0.08137786056474021,0.4562629295367652,0.04933205412615461
2026-03-15 17:51:04+00:00,0.0805877100627221,0.4562629295367652,0.04847436022979847
2026-03-15 17:51:14+00:00,0.08169013239861518,0.4562629295367652,0.04967101948178553
2026-03-15 17:51:24+00:00,0.08096313299275314,0.4562629295367652,0.04888187494353636
2026-03-15 17:51:34+00:00,0.08144363123125341,0.4562629295367652,0.04940344697990031
2026-03-15 17:51:44+00:00,0.08068241139415949,0.4562629295367652,0.04857715679038181
2026-03-15 17:51:54+00:00,0.08020147087116454,0.4562629295367652,0.048055104662300445
2026-03-15 17:52:05+00:00,0.08157581483708737,0.4562629295367652,0.049546929862759416
2026-03-15 17:52:15+00:00,0.08165781205724322,0.4562629295367652,0.04963593634325422
2026-03-15 17:52:25+00:00,0.08134600882390478,0.4562629295367652,0.049297479644922135
2026-03-15 17:52:35+00:00,0.0817552002583747,0.4562629295367652,0.04974164945167373
2026-03-15 17:52:45+00:00,0.08114857606869945,0.4562629295367652,0.049083170005621915
2026-03-15 17:52:55+00:00,0.08171062132331125,0.4562629295367652,0.049693259834237155
2026-03-15 17:53:05+00:00,0.08215189646714588,0.4562629295367652,0.05017225591981071
2026-03-15 17:53:15+00:00,0.08150756876295372,0.4562629295367652,0.049472849999385025
2026-03-15 17:53:25+00:00,0.08071508801350896,0.4562629295367652,0.048612626662131564
2026-03-15 17:53:35+00:00,0.08089502930287638,0.4562629295367652,0.04880794963566473
2026-03-15 17:53:45+00:00,0.08128191236481097,0.4562629295367652,0.049227904112662924
2026-03-15 17:53:55+00:00,0.08143736649937329,0.4562629295367652,0.04939664672819868
2026-03-15 17:54:05+00:00,0.08148549455434423,0.4562629295367652,0.049448888850283826
2026-03-15 17:54:15+00:00,0.08040940495691519,0.4562629295367652,0.04828081330354945
2026-03-15 17:54:25+00:00,0.0817844635889256,0.4562629295367652,0.04977341426095559
2026-03-15 17:54:35+00:00,0.0818164478947283,0.4562629295367652,0.04980813263903179
2026-03-15 17:54:45+00:00,0.08097294675163241,0.4562629295367652,0.04889252759903626
2026-03-15 17:54:55+00:00,0.08180412331271258,0.4562629295367652,0.0497947545310093
2026-03-15 17:55:05+00:00,0.08108584396468438,0.4562629295367652,0.049015075455809076
2026-03-15 17:55:15+00:00,0.08150827527394677,0.4562629295367652,0.049473616904126466
2026-03-15 17:55:25+00:00,0.0820559606873906,0.4562629295367652,0.05006811938819032
2026-03-15 17:55:35+00:00,0.08151882934591416,0.4562629295367652,0.04948507315592283
2026-03-15 17:55:45+00:00,0.08218608156849999,0.4562629295367652,0.0502093632211449
2026-03-15 17:55:55+00:00,0.08098333678483094,0.4562629295367652,0.04890380578975378
2026-03-15 17:56:05+00:00,0.08177549307437472,0.4562629295367652,0.04976367693172804
2026-03-15 17:56:15+00:00,0.08170841618396825,0.4562629295367652,0.049690866195872985
2026-03-15 17:56:25+00:00,0.08162178149971255,0.4562629295367652,0.049596825833044554
2026-03-15 17:56:35+00:00,0.08130621272698793,0.4562629295367652,0.04925428171068403
2026-03-15 17:56:45+00:00,0.08114096960037914,0.4562629295367652,0.04907491332359173
2026-03-15 17:56:55+00:00,0.08106642945373489,0.4562629295367652,0.04899400135979878
2026-03-15 17:57:05+00:00,0.0810238631232509,0.4562629295367652,0.0489477963877673
2026-03-15 17:57:15+00:00,0.08109260430345594,0.4562629295367652,0.04902241367971309
2026-03-15 17:57:25+00:00,0.08104438030585713,0.4562629295367652,0.048970067413662825
2026-03-15 17:57:35+00:00,0.08168842806521903,0.4562629295367652,0.04966916945910314
2026-03-15 17:57:45+00:00,0.08250660781090899,0.4562629295367652,0.050557288586039334
2026-03-15 17:57:55+00:00,0.08173829508453073,0.4562629295367652,0.0497232991951267
2026-03-15 17:58:06+00:00,0.0821388886734081,0.4562629295367652,0.05015813619797865
2026-03-15 17:58:16+00:00,0.08199846936992744,0.4562629295367652,0.05000571361618147
2026-03-15 17:58:26+00:00,0.0821102609118364,0.4562629295367652,0.050127061287181716
2026-03-15 17:58:36+00:00,0.08148123411737514,0.4562629295367652,0.049444264223994436
2026-03-15 17:58:46+00:00,0.08193755682159048,0.4562629295367652,0.04993959416072751
2026-03-15 17:58:56+00:00,0.08180874450251911,0.4562629295367652,0.04979977074789565
2026-03-15 17:59:06+00:00,0.0819620723127887,0.4562629295367652,0.04996620527736058
2026-03-15 17:59:16+00:00,0.08084979596635819,0.4562629295367652,0.048758849677436
2026-03-15 17:59:26+00:00,0.081563572936052,0.4562629295367652,0.04953364150342659
2026-03-15 17:59:36+00:00,0.08135575222092571,0.4562629295367652,0.04930805592391365
2026-03-15 17:59:46+00:00,0.08219588383735782,0.4562629295367652,0.050220003404436976
2026-03-15 17:59:56+00:00,0.08195340858172456,0.4562629295367652,0.04995680095598838
2026-03-15 18:00:06+00:00,0.08133375572420672,0.4562629295367652,0.049284179129646076
2026-03-15 18:00:16+00:00,0.08209074100239055,0.4562629295367652,0.050105872783034244
2026-03-15 18:00:26+00:00,0.08151733217643364,0.4562629295367652,0.04948344800587613
2026-03-15 18:00:36+00:00,0.08265553269544325,0.4562629295367652,0.05071894382026919
2026-03-15 18:00:46+00:00,0.08219416971998574,0.4562629295367652,0.05021814276142792
2026-03-15 18:00:56+00:00,0.08255342917893037,0.4562629295367652,0.050608112323375976
2026-03-15 18:01:06+00:00,0.08167660591606926,0.4562629295367652,0.04965633673275333
2026-03-15 18:01:16+00:00,0.08175301876827606,0.4562629295367652,0.04973928148413115
2026-03-15 18:01:26+00:00,0.08254942698438444,0.4562629295367652,0.05060376801450657
2026-03-15 18:01:36+00:00,0.082811917427952,0.4562629295367652,0.05088869658282957
2026-03-15 18:01:46+00:00,0.08305387440645358,0.4562629295367652,0.05115133645094525
2026-03-15 18:01:56+00:00,0.08205512715271814,0.4562629295367652,0.050067214601571645
2026-03-15 18:02:06+00:00,0.08183308685130569,0.4562629295367652,0.04982619392161242
2026-03-15 18:02:16+00:00,0.08256396752081589,0.4562629295367652,0.05061955150045659
2026-03-15 18:02:26+00:00,0.08277929118554665,0.4562629295367652,0.05085328139432987
2026-03-15 18:02:36+00:00,0.08199080229945911,0.4562629295367652,0.04999739115162968
2026-03-15 18:02:46+00:00,0.08235902666691572,0.4562629295367652,0.050397091957552737
2026-03-15 18:02:56+00:00,0.08258329250107531,0.4562629295367652,0.05064052841254278
2026-03-15 18:03:06+00:00,0.08363396783571014,0.4562629295367652,0.051781017242539897
2026-03-15 18:03:16+00:00,0.0823903970075503,0.4562629295367652,0.050431143887685256
2026-03-15 18:03:26+00:00,0.08226035684183476,0.4562629295367652,0.05028998766981221
2026-03-15 18:03:36+00:00,0.08294939799619991,0.4562629295367652,0.0510379292213619
2026-03-15 18:03:47+00:00,0.08357225150018528,0.4562629295367652,0.051714025290816854
2026-03-15 18:03:57+00:00,0.08322981337757844,0.4562629295367652,0.0513423149813386
2026-03-15 18:04:07+00:00,0.08311083351634987,0.4562629295367652,0.05121316452138899
2026-03-15 18:04:17+00:00,0.08222543192236717,0.4562629295367652,0.050252077309467465
2026-03-15 18:04:27+00:00,0.08237797025691453,0.4562629295367652,0.05041765487749718
2026-03-15 18:04:37+00:00,0.08345762622048307,0.4562629295367652,0.05158960164934903
2026-03-15 18:04:47+00:00,0.08318464887243372,0.4562629295367652,0.051293289738304985
2026-03-15 18:04:57+00:00,0.08290438793898919,0.4562629295367652,0.05098907162873153
2026-03-15 18:05:07+00:00,0.08299075810334423,0.4562629295367652,0.051082824860053166
2026-03-15 18:05:17+00:00,0.08283065872371503,0.4562629295367652,0.0509090399160866
2026-03-15 18:05:27+00:00,0.08318582030224984,0.4562629295367652,0.05129456130391271
2026-03-15 18:05:37+00:00,0.08309190165376043,0.4562629295367652,0.05119261433133262
2026-03-15 18:05:47+00:00,0.08273809413375263,0.4562629295367652,0.050808562749234586
2026-03-15 18:05:57+00:00,0.08317475898670278,0.4562629295367652,0.05128255444850206
2026-03-15 18:06:07+00:00,0.08266967131247395,0.4562629295367652,0.05073429103007184
2026-03-15 18:06:17+00:00,0.08283060200989038,0.4562629295367652,0.05090897835426878
2026-03-15 18:06:27+00:00,0.08352557921450778,0.4562629295367652,0.05166336337963367
2026-03-15 18:06:37+00:00,0.08335883588423415,0.4562629295367652,0.05148236654894316
2026-03-15 18:06:47+00:00,0.08242152285112345,0.4562629295367652,0.050464930420736166
2026-03-15 18:06:57+00:00,0.08324346132881208,0.4562629295367652,0.051357129582406326
2026-03-15 18:07:07+00:00,0.08276475639395403,0.4562629295367652,0.05083750414429718
2026-03-15 18:07:17+00:00,0.08245546054867242,0.4562629295367652,0.050501769169771685
2026-03-15 18:07:27+00:00,0.08308590882356133,0.4562629295367652,0.05118610922392518
2026-03-15 18:07:37+00:00,0.08315093717693982,0.4562629295367652,0.05125669631036044
2026-03-15 18:07:47+00:00,0.08310523562491622,0.4562629295367652,0.051207088112777153
2026-03-15 18:07:57+00:00,0.08339472104434416,0.4562629295367652,0.05152131923291602
2026-03-15 18:08:07+00:00,0.08390020786651037,0.4562629295367652,0.052070015919120874
2026-03-15 18:08:17+00:00,0.08340056731751605,0.4562629295367652,0.051527665255355015
2026-03-15 18:08:27+00:00,0.08352389727481645,0.4562629295367652,0.05166153766490768
2026-03-15 18:08:37+00:00,0.08328702832541189,0.4562629295367652,0.05140442075917681
2026-03-15 18:08:47+00:00,0.08366366371132732,0.4562629295367652,0.051813251571568034
2026-03-15 18:08:57+00:00,0.08323858355827914,0.4562629295367652,0.05135183485184138
2026-03-15 18:09:07+00:00,0.08354269230485376,0.4562629295367652,0.05168193932573514
2026-03-15 18:09:17+00:00,0.08405176694381337,0.4562629295367652,0.05223453052134937
2026-03-15 18:09:27+00:00,0.08385385723563948,0.4562629295367652,0.052019703158338364
2026-03-15 18:09:38+00:00,0.08376441573223627,0.4562629295367652,0.05192261604473921
2026-03-15 18:09:48+00:00,0.08370283315896451,0.4562629295367652,0.05185576928949171
2026-03-15 18:09:58+00:00,0.08282494546390891,0.4562629295367652,0.0509028382772197
2026-03-15 18:10:08+00:00,0.08331767736343504,0.4562629295367652,0.05143768972853708
2026-03-15 18:10:18+00:00,0.08404919011750323,0.4562629295367652,0.05223173342359074
2026-03-15 18:10:28+00:00,0.08361105380716324,0.4562629295367652,0.05175614448428005
2026-03-15 18:10:38+00:00,0.083579707258914,0.4562629295367652,0.05172211838034599
2026-03-15 18:10:48+00:00,0.08305259160339407,0.4562629295367652,0.05114994399172191
2026-03-15 18:10:58+00:00,0.08272072470935977,0.4562629295367652,0.050789708557220654
2026-03-15 18:11:08+00:00,0.08289681679859946,0.4562629295367652,0.05098085329452288
2026-03-15 18:11:18+00:00,0.08372632456932816,0.4562629295367652,0.05188126878513749
2026-03-15 18:11:28+00:00,0.08377660978611814,0.4562629295367652,0.05193585246686337
2026-03-15 18:11:38+00:00,0.08276511350422737,0.4562629295367652,0.05083789178095752
2026-03-15 18:11:48+00:00,0.08328037216514582,0.4562629295367652,0.051397195619132224
2026-03-15 18:11:58+00:00,0.08384942977538343,0.4562629295367652,0.052014897231330424
2026-03-15 18:12:08+00:00,0.08314918665996655,0.4562629295367652,0.051254796156251066
2026-03-15 18:12:18+00:00,0.08341993415043265,0.4562629295367652,0.05154868759773395
2026-03-15 18:12:28+00:00,0.0827047855379623,0.4562629295367652,0.05077240687863452
2026-03-15 18:12:38+00:00,0.08360406247351779,0.4562629295367652,0.05174855551967167
2026-03-15 18:12:48+00:00,0.0828604493159248,0.4562629295367652,0.05094137705824103
2026-03-15 18:12:58+00:00,0.08357002642032858,0.4562629295367652,0.05171161000739032
2026-03-15 18:13:08+00:00,0.0838218853958934,0.4562629295367652,0.051984998311938264
2026-03-15 18:13:18+00:00,0.08370613928813692,0.4562629295367652,0.051859358032148334
2026-03-15 18:13:28+00:00,0.08306158711982167,0.4562629295367652,0.05115970846002868
2026-03-15 18:13:38+00:00,0.08377657313726906,0.4562629295367652,0.051935812685209005
2026-03-15 18:13:48+00:00,0.08369473244435993,0.4562629295367652,0.0518469761121733
2026-03-15 18:13:58+00:00,0.0834742714123532,0.4562629295367652,0.051607669700225706
2026-03-15 18:14:08+00:00,0.08414872407983154,0.4562629295367652,0.052339775716484425
2026-03-15 18:14:18+00:00,0.08387146014455535,0.4562629295367652,0.0520388107935252
2026-03-15 18:14:28+00:00,0.08424365535868107,0.4562629295367652,0.052442821880771574
2026-03-15 18:14:38+00:00,0.08385751360392214,0.4562629295367652,0.05202367207913365
2026-03-15 18:14:48+00:00,0.08413691916138104,0.4562629295367652,0.05232696169374305
2026-03-15 18:14:58+00:00,0.08476775226384697,0.4562629295367652,0.053011719471182335
2026-03-15 18:15:08+00:00,0.08356058323758768,0.4562629295367652,0.051701359605500596
2026-03-15 18:15:19+00:00,0.08429574809435592,0.4562629295367652,0.05249936759113774
2026-03-15 18:15:29+00:00,0.10034299363136918,0.4562629295367652,0.0699183586760911
2026-03-15 18:15:39+00:00,0.10055298259650008,0.4562629295367652,0.07014629785126711
2026-03-15 18:15:49+00:00,0.09987090420355864,0.4562629295367652,0.06940591424970245
2026-03-15 18:15:59+00:00,0.09987172742574463,0.4562629295367652,0.06940680784230598
2026-03-15 18:16:09+00:00,0.09998650693651863,0.4562629295367652,0.06953139889877705
2026-03-15 18:16:19+00:00,0.09931964603584435,0.4562629295367652,0.06880753360632194
2026-03-15 18:16:29+00:00,0.10030993992072439,0.4562629295367652,0.06988247947864763
2026-03-15 18:16:39+00:00,0.10008600083668155,0.4562629295367652,0.06963939770492404
2026-03-15 18:16:49+00:00,0.09965394188380287,0.4562629295367652,0.06917040562581558
2026-03-15 18:16:59+00:00,0.09947313316252487,0.4562629295367652,0.06897414107083268
2026-03-15 18:17:09+00:00,0.09930885865417168,0.4562629295367652,0.06879582410111415
2026-03-15 18:17:19+00:00,0.09967096978082933,0.4562629295367652,0.06918888909612925
2026-03-15 18:17:29+00:00,0.09892067048894132,0.4562629295367652,0.06837445295839464
2026-03-15 18:17:39+00:00,0.09935465977777067,0.4562629295367652,0.06884554038181862
2026-03-15 18:17:49+00:00,0.09914771467336289,0.4562629295367652,0.06862090526170163
2026-03-15 18:17:59+00:00,0.09935018843539792,0.4562629295367652,0.06884068682157685
2026-03-15 18:18:09+00:00,0.09899670354319678,0.4562629295367652,0.0684569854460532
2026-03-15 18:18:19+00:00,0.09898476334123428,0.4562629295367652,0.06844402457553762
2026-03-15 18:18:29+00:00,0.09881933852731418,0.4562629295367652,0.06826445897019694
2026-03-15 18:18:39+00:00,0.09880796960150086,0.4562629295367652,0.0682521182094769
2026-03-15 18:18:49+00:00,0.098615197356369,0.4562629295367652,0.06804286746849254
2026-03-15 18:18:59+00:00,0.09915114155637728,0.4562629295367652,0.06862462508044181
2026-03-15 18:19:09+00:00,0.09837482514734591,0.4562629295367652,0.0677819478386167
2026-03-15 18:19:19+00:00,0.09932849187034405,0.4562629295367652,0.06881713559763775
2026-03-15 18:19:29+00:00,0.09947568781872594,0.4562629295367652,0.06897691410334401
2026-03-15 18:19:39+00:00,0.09887477816839878,0.4562629295367652,0.06832463768507846
2026-03-15 18:19:49+00:00,0.09889489670969756,0.4562629295367652,0.06834647599313681
2026-03-15 18:19:59+00:00,0.09846174119927566,0.4562629295367652,0.06787629362090138
2026-03-15 18:20:09+00:00,0.09902580983016332,0.4562629295367652,0.06848857978740087
2026-03-15 18:20:19+00:00,0.09895784939734648,0.4562629295367652,0.06841480998244368
2026-03-15 18:20:29+00:00,0.09960338162799533,0.4562629295367652,0.06911552339427414
2026-03-15 18:20:39+00:00,0.09900846756229947,0.4562629295367652,0.06846975507330173
2026-03-15 18:20:49+00:00,0.09851699880537852,0.4562629295367652,0.06793627474014466
2026-03-15 18:20:59+00:00,0.10012393689749059,0.4562629295367652,0.06968057660403834
2026-03-15 18:21:10+00:00,0.09974537796727127,0.4562629295367652,0.06926965781953977
2026-03-15 18:21:20+00:00,0.09897853492609582,0.4562629295367652,0.06843726374499381
2026-03-15 18:21:30+00:00,0.09929032603024274,0.4562629295367652,0.0687757072773107
2026-03-15 18:21:40+00:00,0.10023123632283422,0.4562629295367652,0.06979704816479126
2026-03-15 18:21:50+00:00,0.10027643960794974,0.4562629295367652,0.06984611550277285
2026-03-15 18:22:00+00:00,0.09977246649569294,0.4562629295367652,0.06929906192094726
2026-03-15 18:22:10+00:00,0.10023191308439411,0.4562629295367652,0.06979778277706795
2026-03-15 18:22:20+00:00,0.09900706198117136,0.4562629295367652,0.0684682293407339
2026-03-15 18:22:30+00:00,0.0997915414963688,0.4562629295367652,0.06931976748477453
2026-03-15 18:22:40+00:00,0.09944696540796677,0.4562629295367652,0.0689457364525878
2026-03-15 18:22:50+00:00,0.09906401090419908,0.4562629295367652,0.0685300463535184
2026-03-15 18:23:00+00:00,0.09852158765975379,0.4562629295367652,0.06794125585751265
2026-03-15 18:23:10+00:00,0.09886644955055952,0.4562629295367652,0.06831559712297343
2026-03-15 18:23:20+00:00,0.09885590889741501,0.4562629295367652,0.0683041554370635
2026-03-15 18:23:30+00:00,0.09888870560557596,0.4562629295367652,0.0683397556630184
2026-03-15 18:23:40+00:00,0.09899521172256084,0.4562629295367652,0.06845536610207933
2026-03-15 18:23:50+00:00,0.09960562444764459,0.4562629295367652,0.06911795793392057
2026-03-15 18:24:00+00:00,0.09932943057068332,0.4562629295367652,0.06881815453966139
2026-03-15 18:24:10+00:00,0.09911047958887476,0.4562629295367652,0.06858048725954355
2026-03-15 18:24:20+00:00,0.09971043401036755,0.4562629295367652,0.06923172679440684
2026-03-15 18:24:30+00:00,0.10015406144984139,0.4562629295367652,0.06971327625380855
2026-03-15 18:24:40+00:00,0.09889220123568872,0.4562629295367652,0.06834355010547459
2026-03-15 18:24:50+00:00,0.09885317198281823,0.4562629295367652,0.06830118456640215
2026-03-15 18:25:00+00:00,0.09982258965537198,0.4562629295367652,0.06935346969264773
2026-03-15 18:25:10+00:00,0.09968286219776556,0.4562629295367652,0.06920179809687414
2026-03-15 18:25:20+00:00,0.09896593711167859,0.4562629295367652,0.0684235890482044
2026-03-15 18:25:30+00:00,0.0999180241578961,0.4562629295367652,0.06945706209701584
2026-03-15 18:25:40+00:00,0.09933204787531022,0.4562629295367652,0.0688209955758914
2026-03-15 18:25:50+00:00,0.09905265816970761,0.4562629295367652,0.06851772316818167
2026-03-15 18:26:00+00:00,0.09959993290049543,0.4562629295367652,0.0691117798637451
2026-03-15 18:26:10+00:00,0.0995395081188311,0.4562629295367652,0.0690461898700796
2026-03-15 18:26:20+00:00,0.0997029481817772,0.4562629295367652,0.0692236010645937
2026-03-15 18:26:30+00:00,0.09934782288877869,0.4562629295367652,0.06883811906405257
2026-03-15 18:26:40+00:00,0.09990564684626028,0.4562629295367652,0.0694436267519566
2026-03-15 18:26:50+00:00,0.09972388462608789,0.4562629295367652,0.06924632719138955
2026-03-15 18:27:01+00:00,0.09928057036025009,0.4562629295367652,0.0687651176762332
2026-03-15 18:27:11+00:00,0.09988412558923994,0.4562629295367652,0.06942026582167671
2026-03-15 18:27:21+00:00,0.0989513152381311,0.4562629295367652,0.06840771727230484
2026-03-15 18:27:31+00:00,0.09958902592621165,0.4562629295367652,0.06909994054294859
2026-03-15 18:27:41+00:00,0.10005014644788607,0.4562629295367652,0.06960047842264946
2026-03-15 18:27:51+00:00,0.09972253599887544,0.4562629295367652,0.06924486328125393
2026-03-15 18:28:01+00:00,0.0996857613203886,0.4562629295367652,0.06920494504137675
2026-03-15 18:28:11+00:00,0.09974923082213819,0.4562629295367652,0.06927384002292312
2026-03-15 18:28:21+00:00,0.10041914814182987,0.4562629295367652,0.07000102300223567
2026-03-15 18:28:31+00:00,0.10033634799688354,0.4562629295367652,0.06991114496158836
2026-03-15 18:28:41+00:00,0.09930344624394712,0.4562629295367652,0.06878994902895724
2026-03-15 18:28:51+00:00,0.09941127579129114,0.4562629295367652,0.06890699602743107
2026-03-15 18:29:01+00:00,0.09937695076899762,0.4562629295367652,0.06886973684448017
2026-03-15 18:29:11+00:00,0.09975005952215793,0.4562629295367652,0.06927473956161485
2026-03-15 18:29:21+00:00,0.10083848890439553,0.4562629295367652,0.07045620971872484
2026-03-15 18:29:31+00:00,0.10001291620340354,0.4562629295367652,0.06956006567422879
2026-03-15 18:29:41+00:00,0.09864485317373801,0.4562629295367652,0.06807505831502607
2026-03-15 18:29:51+00:00,0.09968081324405233,0.4562629295367652,0.06919957399515013
2026-03-15 18:30:01+00:00,0.10001148015698941,0.4562629295367652,0.06955850687215105
2026-03-15 18:30:11+00:00,0.09955599223445573,0.4562629295367652,0.06906408307564231
2026-03-15 18:30:21+00:00,0.09986968798565711,0.4562629295367652,0.06940459406744841
2026-03-15 18:30:31+00:00,0.09990812025383565,0.4562629295367652,0.06944631159057303
2026-03-15 18:30:41+00:00,0.09945639435798329,0.4562629295367652,0.0689559714051159
2026-03-15 18:30:51+00:00,0.10033360660353127,0.4562629295367652,0.06990816922931997
2026-03-15 18:31:01+00:00,0.10023015757708131,0.4562629295367652,0.06979587720603643
2026-03-15 18:31:11+00:00,0.10114871172621592,0.4562629295367652,0.0707929509093033
2026-03-15 18:31:21+00:00,0.100202688998063,0.4562629295367652,0.06976606056666783
2026-03-15 18:31:31+00:00,0.10026001205443855,0.4562629295367652,0.06982828369434821
2026-03-15 18:31:41+00:00,0.09971297676499873,0.4562629295367652,0.06923448690798205
2026-03-15 18:31:51+00:00,0.09941183240396324,0.4562629295367652,0.06890760022029088
2026-03-15 18:32:01+00:00,0.09957390279693076,0.4562629295367652,0.06908352466313215
2026-03-15 18:32:11+00:00,0.09909045826252592,0.4562629295367652,0.06855875447653259
2026-03-15 18:32:21+00:00,0.09917564307995563,0.4562629295367652,0.06865122103547938
2026-03-15 18:32:31+00:00,0.09990525471472694,0.4562629295367652,0.06944320110036002
2026-03-15 18:32:42+00:00,0.09974044137900041,0.4562629295367652,0.06926429924339772
2026-03-15 18:32:52+00:00,0.09933037935747077,0.4562629295367652,0.06881918443033977
2026-03-15 18:33:02+00:00,0.09939783885131291,0.4562629295367652,0.06889241047521591
2026-03-15 18:33:12+00:00,0.0998518601788856,0.4562629295367652,0.06938524230975887
2026-03-15 18:33:22+00:00,0.10008204385556223,0.4562629295367652,0.06963510247440104
2026-03-15 18:33:32+00:00,0.09997755965061987,0.4562629295367652,0.06952168678382592
2026-03-15 18:33:42+00:00,0.09914018670558418,0.4562629295367652,0.06861273379057141
2026-03-15 18:33:52+00:00,0.09959659908461539,0.4562629295367652,0.06910816106767449
2026-03-15 18:34:02+00:00,0.09995591153962259,0.4562629295367652,0.06949818815587769
2026-03-15 18:34:12+00:00,0.09904396573351663,0.4562629295367652,0.06850828768792008
2026-03-15 18:34:22+00:00,0.09907280804592108,0.4562629295367652,0.06853959548971594
2026-03-15 18:34:32+00:00,0.10026396853464047,0.4562629295367652,0.06983257838113455
2026-03-15 18:34:42+00:00,0.10019784863345492,0.4562629295367652,0.06976080643954916
2026-03-15 18:34:52+00:00,0.10015748521277178,0.4562629295367652,0.06971699268575471
2026-03-15 18:35:02+00:00,0.09866833361802513,0.4562629295367652,0.0681005459071966
2026-03-15 18:35:12+00:00,0.1003439511170705,0.4562629295367652,0.06991939800928114
2026-03-15 18:35:22+00:00,0.100389538221251,0.4562629295367652,0.06996888197582711
2026-03-15 18:35:32+00:00,0.10029392704660241,0.4562629295367652,0.06986509779710409
2026-03-15 18:35:42+00:00,0.10088125152551573,0.4562629295367652,0.07050262776064638
2026-03-15 18:35:52+00:00,0.10037337355821965,0.4562629295367652,0.06995133553020286
2026-03-15 18:36:02+00:00,0.10057174489598626,0.4562629295367652,0.07016666398368086
2026-03-15 18:36:12+00:00,0.0990859459998328,0.4562629295367652,0.06855385649803261
2026-03-15 18:36:22+00:00,0.09979340032454383,0.4562629295367652,0.06932178520870942
2026-03-15 18:36:32+00:00,0.10029683158248145,0.4562629295367652,0.06986825061759695
2026-03-15 18:36:42+00:00,0.09978759207988525,0.4562629295367652,0.06931548046552509
2026-03-15 18:36:52+00:00,0.10098528990383786,0.4562629295367652,0.0706155595145917
2026-03-15 18:37:02+00:00,0.09951329381775643,0.4562629295367652,0.0690177347264436
2026-03-15 18:37:12+00:00,0.09943648008992323,0.4562629295367652,0.06893435483191637
2026-03-15 18:37:22+00:00,0.09928387615978837,0.4562629295367652,0.068768706061078
2026-03-15 18:37:32+00:00,0.09895417551018483,0.4562629295367652,0.06841082204522611
2026-03-15 18:37:42+00:00,0.09958925090457503,0.4562629295367652,0.069100184752841
2026-03-15 18:37:52+00:00,0.10019120294974564,0.4562629295367652,0.06975359267161506
2026-03-15 18:38:02+00:00,0.09972616133989273,0.4562629295367652,0.069248798522521
2026-03-15 18:38:12+00:00,0.09915428397029533,0.4562629295367652,0.06862803611318867
2026-03-15 18:38:22+00:00,0.09969297349946644,0.4562629295367652,0.06921277372965666
2026-03-15 18:38:33+00:00,0.10008398224536676,0.4562629295367652,0.06963720656102738
2026-03-15 18:38:43+00:00,0.09973274452493117,0.4562629295367652,0.06925594444929271
2026-03-15 18:38:53+00:00,0.09866593387840915,0.4562629295367652,0.06809794103380068
2026-03-15 18:39:03+00:00,0.09923909282765417,0.4562629295367652,0.06872009457436516
2026-03-15 18:39:13+00:00,0.10084269700018185,0.4562629295367652,0.07046077752961909
2026-03-15 18:39:23+00:00,0.10039558491999959,0.4562629295367652,0.0699754455565583
2026-03-15 18:39:33+00:00,0.0995314903623391,0.4562629295367652,0.06903748674227281
2026-03-15 18:39:43+00:00,0.09985442924260837,0.4562629295367652,0.06938803098137108
2026-03-15 18:39:53+00:00,0.10009494134058956,0.4562629295367652,0.0696491024581485
2026-03-15 18:40:03+00:00,0.1001256385287777,0.4562629295367652,0.06968242369363087
2026-03-15 18:40:13+00:00,0.10054220722031097,0.4562629295367652,0.07013460137779182
2026-03-15 18:40:23+00:00,0.10072424596736361,0.4562629295367652,0.0703322011032221
2026-03-15 18:40:33+00:00,0.09960054785952167,0.4562629295367652,0.06911244739050355
2026-03-15 18:40:43+00:00,0.10113976574520475,0.4562629295367652,0.07078324021078371
2026-03-15 18:40:53+00:00,0.10025739102511144,0.4562629295367652,0.06982543861502435
2026-03-15 18:41:03+00:00,0.09983142122488925,0.4562629295367652,0.06936305619958641
2026-03-15 18:41:13+00:00,0.1005942200125416,0.4562629295367652,0.07019106031101366
2026-03-15 18:41:23+00:00,0.10008615415644048,0.4562629295367652,0.06963956413071393
2026-03-15 18:41:33+00:00,0.10076098007298279,0.4562629295367652,0.07037207530199462
2026-03-15 18:41:43+00:00,0.0995659620001323,0.4562629295367652,0.069074905073663
2026-03-15 18:41:53+00:00,0.10062635973781962,0.4562629295367652,0.07022594739408343
2026-03-15 18:42:03+00:00,0.10012890056276183,0.4562629295367652,0.06968596457176832
2026-03-15 18:42:13+00:00,0.10113306586183685,0.4562629295367652,0.07077596761011298
2026-03-15 18:42:23+00:00,0.09965556075592868,0.4562629295367652,0.06917216288185446
2026-03-15 18:42:33+00:00,0.10132695027978439,0.4562629295367652,0.07098642559431657
2026-03-15 18:42:43+00:00,0.09983816372873541,0.4562629295367652,0.06937037506400558
2026-03-15 18:42:53+00:00,0.10065898836741677,0.4562629295367652,0.0702613651738361
2026-03-15 18:43:03+00:00,0.10001701532721465,0.4562629295367652,0.06956451519804002
2026-03-15 18:43:13+00:00,0.10061075096347222,0.4562629295367652,0.0702090043554431
2026-03-15 18:43:23+00:00,0.1000820014357923,0.4562629295367652,0.06963505642851779
2026-03-15 18:43:33+00:00,0.10021029507862321,0.4562629295367652,0.06977431682779153
2026-03-15 18:43:43+00:00,0.10013727619716142,0.4562629295367652,0.06969505616948837
2026-03-15 18:43:53+00:00,0.0999881415666734,0.4562629295367652,0.06953317325986773
2026-03-15 18:44:03+00:00,0.10078843768333959,0.4562629295367652,0.07040188003508203
2026-03-15 18:44:13+00:00,0.09998912349465817,0.4562629295367652,0.06953423912470873
2026-03-15 18:44:24+00:00,0.1004134919677017,0.4562629295367652,0.06999488332882652
2026-03-15 18:44:34+00:00,0.10096147913636598,0.4562629295367652,0.0705897133626548
2026-03-15 18:44:44+00:00,0.10020665924090005,0.4562629295367652,0.06977037019254252
2026-03-15 18:44:54+00:00,0.10032183625316624,0.4562629295367652,0.06989539272960213
2026-03-15 18:45:04+00:00,0.09971976086261995,0.4562629295367652,0.06924185092168214
2026-03-15 18:45:14+00:00,0.10075490527153769,0.4562629295367652,0.07036548121630114
2026-03-15 18:45:24+00:00,0.10077440382070124,0.4562629295367652,0.07038664653425344
2026-03-15 18:45:34+00:00,0.10012567240988629,0.4562629295367652,0.06968246047095362
2026-03-15 18:45:44+00:00,0.1007622087439221,0.4562629295367652,0.07037340900179304
2026-03-15 18:45:54+00:00,0.09996760295322059,0.4562629295367652,0.0695108789711808
2026-03-15 18:46:04+00:00,0.10112220762783738,0.4562629295367652,0.07076418119600231
2026-03-15 18:46:14+00:00,0.09950006765717555,0.4562629295367652,0.0690033779714033
2026-03-15 18:46:24+00:00,0.10059068606970983,0.4562629295367652,0.0701872242808028
2026-03-15 18:46:34+00:00,0.10028631369984321,0.4562629295367652,0.0698568336486545
2026-03-15 18:46:44+00:00,0.1003925775755404,0.4562629295367652,0.06997218113923488
2026-03-15 18:46:54+00:00,0.1009077555793855,0.4562629295367652,0.0705313974256339
2026-03-15 18:47:04+00:00,0.10051540429524643,0.4562629295367652,0.07010550729359692
2026-03-15 18:47:14+00:00,0.10017857040818381,0.4562629295367652,0.06973988027914631
2026-03-15 18:47:24+00:00,0.10094071651904343,0.4562629295367652,0.07056717592187048
2026-03-15 18:47:34+00:00,0.10121387140851323,0.4562629295367652,0.07086368055087434
2026-03-15 18:47:44+00:00,0.1009842801913036,0.4562629295367652,0.07061446349013116
2026-03-15 18:47:54+00:00,0.09954168922273204,0.4562629295367652,0.0690485574184117
2026-03-15 18:48:04+00:00,0.1000548338780476,0.4562629295367652,0.06960556654222777
2026-03-15 18:48:14+00:00,0.10177255772456967,0.4562629295367652,0.0714701243132151
2026-03-15 18:48:24+00:00,0.10037901395724493,0.4562629295367652,0.06995745808002676
2026-03-15 18:48:34+00:00,0.09994311449660614,0.4562629295367652,0.06948429720009322
2026-03-15 18:48:44+00:00,0.10071867744196235,0.4562629295367652,0.0703261565709005
2026-03-15 18:48:54+00:00,0.1013423416883329,0.4562629295367652,0.07100313268636378
2026-03-15 18:49:04+00:00,0.10037033040831693,0.4562629295367652,0.06994803224672635
2026-03-15 18:49:14+00:00,0.10007787106451004,0.4562629295367652,0.069630572986149
2026-03-15 18:49:24+00:00,0.10176345552450934,0.4562629295367652,0.0714602440417792
2026-03-15 18:49:34+00:00,0.10115868766054709,0.4562629295367652,0.07080377960328556
2026-03-15 18:49:44+00:00,0.10104819628820005,0.4562629295367652,0.07068384324252894
2026-03-15 18:49:54+00:00,0.10050660204746155,0.4562629295367652,0.07009595261486164
2026-03-15 18:50:05+00:00,0.10069688982630465,0.4562629295367652,0.0703025065131988
2026-03-15 18:50:15+00:00,0.1001865819623243,0.4562629295367652,0.06974857667441416
2026-03-15 18:50:25+00:00,0.10087760431116602,0.4562629295367652,0.07049866877627761
2026-03-15 18:50:35+00:00,0.10009765224467103,0.4562629295367652,0.06965204509487193
2026-03-15 18:50:45+00:00,0.10011641584850012,0.4562629295367652,0.06967241264312603
2026-03-15 18:50:55+00:00,0.10006272766053863,0.4562629295367652,0.06961413509852742
2026-03-15 18:51:05+00:00,0.10011468846815409,0.4562629295367652,0.06967053760340172
2026-03-15 18:51:15+00:00,0.1008877408500775,0.4562629295367652,0.07050967180358994
2026-03-15 18:51:25+00:00,0.10082170097219949,0.4562629295367652,0.07043798672583905
2026-03-15 18:51:35+00:00,0.10117008580334297,0.4562629295367652,0.07081615207850497
2026-03-15 18:51:45+00:00,0.10864070031730762,0.4562629295367652,0.06311013807026847
